time,components,event,changed,area0,area1,area_drift
0.0,1,none,false,0.1788230849699337,0.1788230849699337,0.0
1.0,1,split,true,0.1788230849699337,0.1788572391414771,0.00019099419713702819
