refinement,remesher,runtime_s,closed,volume_rel,area_rel,centroid_err,front_error,slot_proxy,min_angle,degenerate_fraction
2,none,0.21041417,false,NaN,3.264732982136e-02,2.658213876381e-02,3.366208488002e-02,1.551595825573e-02,9.311984594539e-01,0.000000000000e+00
2,experimental,0.32486296,false,NaN,3.452327030292e-02,2.707712281336e-02,5.257530504719e-02,2.663042840725e-02,5.601242898188e-01,0.000000000000e+00
3,none,0.02684808,false,NaN,3.269610151667e-02,2.648127520786e-02,3.053987055712e-02,1.521299876124e-02,9.257143478969e-01,0.000000000000e+00
3,experimental,0.03845811,false,NaN,4.903750067242e-03,2.654754862112e-02,3.875900707428e-02,2.516121320898e-02,5.427835415246e-01,0.000000000000e+00
