time,components,event,changed,volume0,volume1,volume_drift
0.0,2,none,false,0.007317424417024336,0.007317424417024336,0.0
1.0,1,merge,true,0.007317424417024336,0.007340087007082402,0.0030970719704791023
