time,components,event,changed,area0,area1,area_drift
0.0,2,none,false,0.04019623880902071,0.04019623880902071,0.0
1.0,1,merge,true,0.04019623880902071,0.02947023357534742,0.2668410167586673
